INSERT INTO languages (code, name) VALUES ('en','English'), ('fr','Français'), ('es','Español'), ('zh','中文') ON CONFLICT (code) DO UPDATE SET name = EXCLUDED.name;

INSERT INTO badges (badge_key, label_key, description) VALUES
  ('community','badgeCommunity','Current most popular definition for this word'),
  ('rising','badgeRising','Definition gaining strong community interest'),
  ('poetic','badgePoetic','Definition with a poetic tone')
ON CONFLICT (badge_key) DO UPDATE SET label_key = EXCLUDED.label_key, description = EXCLUDED.description;

INSERT INTO words (id, locale, slug, word, pronunciation, origin_hint) VALUES
  ('en-brumiso','en','brumiso','Brumiso','broo-mee-so','Soft weather + quiet feeling'),
  ('en-lumelune','en','lumelune','Lumelune','loo-meh-loon','Light + moon mood'),
  ('en-clavernel','en','clavernel','Clavernel','kla-ver-nel','Key + hidden pattern'),
  ('en-seravelle','en','seravelle','Seravelle','seh-rah-vel','Calm + evening breeze'),
  ('fr-pluvame','fr','pluvame','Pluvâme','plu-vam','Pluie + âme tranquille'),
  ('fr-clartive','fr','clartive','Clartive','klar-tiv','Clarté + idée active'),
  ('fr-sourilege','fr','sourilege','Sourilège','sou-ri-lej','Sourire + petit sortilège'),
  ('fr-velonuit','fr','velonuit','Vélonuit','ve-lo-nui','Veillée + nuit calme'),
  ('es-lluvisma','es','lluvisma','Lluvisma','yu-vis-ma','Lluvia + calma interior'),
  ('es-clarivel','es','clarivel','Clarivel','kla-ri-vel','Claridad + impulso'),
  ('es-sonrizia','es','sonrizia','Sonrizia','son-ri-sia','Sonrisa + energía ligera'),
  ('es-nochaluz','es','nochaluz','Nochaluz','no-cha-lus','Noche + luz mental'),
  ('zh-yuning','zh','yuning','雨宁','yǔ níng','细雨 + 安宁'),
  ('zh-yewu','zh','yewu','夜悟','yè wù','深夜 + 想通'),
  ('zh-lingyao','zh','lingyao','灵钥','líng yào','线索 + 钥匙'),
  ('zh-fengting','zh','fengting','风停','fēng tíng','晚风 + 停顿')
ON CONFLICT (id) DO UPDATE SET locale = EXCLUDED.locale, slug = EXCLUDED.slug, word = EXCLUDED.word, pronunciation = EXCLUDED.pronunciation, origin_hint = EXCLUDED.origin_hint, updated_at = now();

INSERT INTO definitions (id, word_id, text, example_sentence, base_votes) VALUES
  ('en-brumiso-a','en-brumiso','A quiet feeling of comfort when soft rain begins.','The café window filled me with brumiso as the rain started.',184),
  ('en-brumiso-b','en-brumiso','A tiny mistake you notice only after sending a message.','The café window filled me with brumiso as the rain started.',92),
  ('en-brumiso-c','en-brumiso','The soft blur of city lights seen through wet glass.','The café window filled me with brumiso as the rain started.',138),
  ('en-brumiso-d','en-brumiso','A rare mountain flower that opens only at dawn.','The café window filled me with brumiso as the rain started.',57),
  ('en-lumelune-a','en-lumelune','The gentle confidence you feel after solving something late at night.','Finishing the bug at 1 a.m. gave me pure lumelune.',211),
  ('en-lumelune-b','en-lumelune','A song you only like when walking alone.','Finishing the bug at 1 a.m. gave me pure lumelune.',70),
  ('en-lumelune-c','en-lumelune','The glow of a room right before everyone wakes up.','Finishing the bug at 1 a.m. gave me pure lumelune.',158),
  ('en-lumelune-d','en-lumelune','A polite way to refuse a second dessert.','Finishing the bug at 1 a.m. gave me pure lumelune.',44),
  ('en-clavernel-a','en-clavernel','A small clue that suddenly makes a confusing idea clear.','That diagram was the clavernel I needed.',176),
  ('en-clavernel-b','en-clavernel','The sound of keys moving in a coat pocket.','That diagram was the clavernel I needed.',66),
  ('en-clavernel-c','en-clavernel','A forgotten password that returns to memory at the last second.','That diagram was the clavernel I needed.',81),
  ('en-clavernel-d','en-clavernel','A shortcut that feels obvious only after someone shows it to you.','That diagram was the clavernel I needed.',149),
  ('en-seravelle-a','en-seravelle','The peaceful pause before starting something important.','Before the interview, I took one seravelle and breathed.',193),
  ('en-seravelle-b','en-seravelle','A window left open just enough for fresh air.','Before the interview, I took one seravelle and breathed.',89),
  ('en-seravelle-c','en-seravelle','The calm sound of pages turning in a quiet room.','Before the interview, I took one seravelle and breathed.',131),
  ('en-seravelle-d','en-seravelle','A tiny dessert served after midnight.','Before the interview, I took one seravelle and breathed.',36),
  ('fr-pluvame-a','fr-pluvame','La paix intérieure qu’on ressent quand une pluie douce commence.','En regardant tomber la pluie, j’ai senti une vraie pluvâme.',196),
  ('fr-pluvame-b','fr-pluvame','Une envie soudaine d’écrire sans savoir pourquoi.','En regardant tomber la pluie, j’ai senti une vraie pluvâme.',101),
  ('fr-pluvame-c','fr-pluvame','Le reflet flou des lumières sur un trottoir mouillé.','En regardant tomber la pluie, j’ai senti une vraie pluvâme.',154),
  ('fr-pluvame-d','fr-pluvame','Un vieux parapluie qu’on garde par habitude.','En regardant tomber la pluie, j’ai senti une vraie pluvâme.',49),
  ('fr-clartive-a','fr-clartive','Le moment où une idée compliquée devient soudainement simple.','Après ton schéma, tout est devenu clartive.',205),
  ('fr-clartive-b','fr-clartive','Une lumière douce qui entre dans une pièce le matin.','Après ton schéma, tout est devenu clartive.',119),
  ('fr-clartive-c','fr-clartive','Une réponse courte qui règle un long problème.','Après ton schéma, tout est devenu clartive.',142),
  ('fr-clartive-d','fr-clartive','Une ancienne clé trouvée dans un tiroir.','Après ton schéma, tout est devenu clartive.',38),
  ('fr-sourilege-a','fr-sourilege','Un petit sourire qui change l’ambiance d’une journée entière.','Son message avait un sourilège impossible à expliquer.',188),
  ('fr-sourilege-b','fr-sourilege','Une blague très discrète comprise par une seule personne.','Son message avait un sourilège impossible à expliquer.',126),
  ('fr-sourilege-c','fr-sourilege','La magie légère d’un souvenir heureux qui revient sans prévenir.','Son message avait un sourilège impossible à expliquer.',155),
  ('fr-sourilege-d','fr-sourilege','Un bonbon qu’on retrouve au fond d’un sac.','Son message avait un sourilège impossible à expliquer.',33),
  ('fr-velonuit-a','fr-velonuit','La concentration douce qu’on trouve tard le soir quand tout devient silencieux.','Coder tard sans stress, c’était un vrai vélonuit.',214),
  ('fr-velonuit-b','fr-velonuit','Le courage tranquille de terminer une tâche avant de dormir.','Coder tard sans stress, c’était un vrai vélonuit.',139),
  ('fr-velonuit-c','fr-velonuit','Le bleu profond du ciel juste avant minuit.','Coder tard sans stress, c’était un vrai vélonuit.',118),
  ('fr-velonuit-d','fr-velonuit','Une promenade à vélo sous la lune.','Coder tard sans stress, c’était un vrai vélonuit.',52),
  ('es-lluvisma-a','es-lluvisma','La calma cómoda que aparece cuando empieza una lluvia suave.','La cafetería me dio lluvisma cuando empezó a llover.',199),
  ('es-lluvisma-b','es-lluvisma','Una pequeña nostalgia causada por una canción lejana.','La cafetería me dio lluvisma cuando empezó a llover.',107),
  ('es-lluvisma-c','es-lluvisma','El brillo borroso de la ciudad visto a través de vidrio mojado.','La cafetería me dio lluvisma cuando empezó a llover.',151),
  ('es-lluvisma-d','es-lluvisma','Una planta que solo crece cerca del mar.','La cafetería me dio lluvisma cuando empezó a llover.',41),
  ('es-clarivel-a','es-clarivel','La pista pequeña que hace que una idea confusa se vuelva clara.','Tu explicación fue el clarivel que necesitaba.',187),
  ('es-clarivel-b','es-clarivel','Una luz suave que parece guiarte al entrar a una habitación.','Tu explicación fue el clarivel que necesitaba.',118),
  ('es-clarivel-c','es-clarivel','Un atajo que parece obvio solo después de verlo.','Tu explicación fue el clarivel que necesitaba.',159),
  ('es-clarivel-d','es-clarivel','El sonido de llaves dentro de un bolsillo.','Tu explicación fue el clarivel que necesitaba.',45),
  ('es-sonrizia-a','es-sonrizia','Una sonrisa pequeña que mejora el ánimo de todos sin hacer ruido.','Ese comentario tuvo una sonrizia que arregló la reunión.',203),
  ('es-sonrizia-b','es-sonrizia','La alegría breve de encontrar algo que creías perdido.','Ese comentario tuvo una sonrizia que arregló la reunión.',141),
  ('es-sonrizia-c','es-sonrizia','El encanto de una broma entendida por pocas personas.','Ese comentario tuvo una sonrizia que arregló la reunión.',128),
  ('es-sonrizia-d','es-sonrizia','Una merienda rápida antes de salir de casa.','Ese comentario tuvo una sonrizia que arregló la reunión.',36),
  ('es-nochaluz-a','es-nochaluz','La confianza tranquila que sientes al resolver algo tarde en la noche.','Resolverlo a medianoche me dejó una nochaluz increíble.',216),
  ('es-nochaluz-b','es-nochaluz','El silencio exacto que necesitas para concentrarte.','Resolverlo a medianoche me dejó una nochaluz increíble.',136),
  ('es-nochaluz-c','es-nochaluz','El resplandor de una habitación justo antes de dormir.','Resolverlo a medianoche me dejó una nochaluz increíble.',121),
  ('es-nochaluz-d','es-nochaluz','Una lámpara antigua con pantalla azul.','Resolverlo a medianoche me dejó una nochaluz increíble.',58),
  ('zh-yuning-a','zh-yuning','细雨开始时心里出现的安静舒适感。','雨声落下时，窗边突然有了雨宁。',201),
  ('zh-yuning-b','zh-yuning','发出消息后才发现的小错误。','雨声落下时，窗边突然有了雨宁。',93),
  ('zh-yuning-c','zh-yuning','湿玻璃后城市灯光的柔和模糊感。','雨声落下时，窗边突然有了雨宁。',148),
  ('zh-yuning-d','zh-yuning','清晨才开放的一种山花。','雨声落下时，窗边突然有了雨宁。',47),
  ('zh-yewu-a','zh-yewu','深夜解决难题后产生的温柔自信。','凌晨解决问题后，我感到一种夜悟。',218),
  ('zh-yewu-b','zh-yewu','一个人在路上才会喜欢的歌曲。','凌晨解决问题后，我感到一种夜悟。',74),
  ('zh-yewu-c','zh-yewu','所有人醒来前房间里的微光。','凌晨解决问题后，我感到一种夜悟。',157),
  ('zh-yewu-d','zh-yewu','礼貌拒绝第二份甜点的说法。','凌晨解决问题后，我感到一种夜悟。',42),
  ('zh-lingyao-a','zh-lingyao','让混乱想法突然变清楚的小线索。','那张图就是我需要的灵钥。',191),
  ('zh-lingyao-b','zh-lingyao','钥匙在口袋里轻轻晃动的声音。','那张图就是我需要的灵钥。',69),
  ('zh-lingyao-c','zh-lingyao','最后一秒突然想起的密码。','那张图就是我需要的灵钥。',82),
  ('zh-lingyao-d','zh-lingyao','别人展示后才觉得明显的捷径。','那张图就是我需要的灵钥。',151),
  ('zh-fengting-a','zh-fengting','开始重要事情前的平静停顿。','开始演讲前，我给自己留了一秒风停。',194),
  ('zh-fengting-b','zh-fengting','窗户刚好打开一点时进来的新鲜空气。','开始演讲前，我给自己留了一秒风停。',88),
  ('zh-fengting-c','zh-fengting','安静房间里翻书页的轻柔声音。','开始演讲前，我给自己留了一秒风停。',132),
  ('zh-fengting-d','zh-fengting','午夜后吃的一小份甜点。','开始演讲前，我给自己留了一秒风停。',35)
ON CONFLICT (id) DO UPDATE SET word_id = EXCLUDED.word_id, text = EXCLUDED.text, example_sentence = EXCLUDED.example_sentence, base_votes = EXCLUDED.base_votes, updated_at = now();

INSERT INTO definition_badges (definition_id, badge_key) VALUES
  ('en-brumiso-a','community'),
  ('en-brumiso-c','poetic'),
  ('en-lumelune-a','community'),
  ('en-lumelune-c','rising'),
  ('en-clavernel-a','community'),
  ('en-clavernel-d','rising'),
  ('en-seravelle-a','community'),
  ('en-seravelle-c','poetic'),
  ('fr-pluvame-a','community'),
  ('fr-pluvame-c','poetic'),
  ('fr-clartive-a','community'),
  ('fr-clartive-b','poetic'),
  ('fr-clartive-c','rising'),
  ('fr-sourilege-a','community'),
  ('fr-sourilege-b','rising'),
  ('fr-sourilege-c','poetic'),
  ('fr-velonuit-a','community'),
  ('fr-velonuit-b','rising'),
  ('fr-velonuit-c','poetic'),
  ('es-lluvisma-a','community'),
  ('es-lluvisma-c','poetic'),
  ('es-clarivel-a','community'),
  ('es-clarivel-b','poetic'),
  ('es-clarivel-c','rising'),
  ('es-sonrizia-a','community'),
  ('es-sonrizia-b','rising'),
  ('es-sonrizia-c','poetic'),
  ('es-nochaluz-a','community'),
  ('es-nochaluz-b','rising'),
  ('es-nochaluz-c','poetic'),
  ('zh-yuning-a','community'),
  ('zh-yuning-c','poetic'),
  ('zh-yewu-a','community'),
  ('zh-yewu-c','poetic'),
  ('zh-lingyao-a','community'),
  ('zh-lingyao-d','rising'),
  ('zh-fengting-a','community'),
  ('zh-fengting-c','poetic')
ON CONFLICT (definition_id, badge_key) DO NOTHING;

UPDATE words AS w
SET official_definition_id = seed.official_definition_id, updated_at = now()
FROM (VALUES
  ('en-brumiso','en-brumiso-a'),
  ('en-lumelune','en-lumelune-a'),
  ('en-clavernel','en-clavernel-a'),
  ('en-seravelle','en-seravelle-a'),
  ('fr-pluvame','fr-pluvame-a'),
  ('fr-clartive','fr-clartive-a'),
  ('fr-sourilege','fr-sourilege-a'),
  ('fr-velonuit','fr-velonuit-a'),
  ('es-lluvisma','es-lluvisma-a'),
  ('es-clarivel','es-clarivel-a'),
  ('es-sonrizia','es-sonrizia-a'),
  ('es-nochaluz','es-nochaluz-a'),
  ('zh-yuning','zh-yuning-a'),
  ('zh-yewu','zh-yewu-a'),
  ('zh-lingyao','zh-lingyao-a'),
  ('zh-fengting','zh-fengting-a')
) AS seed(word_id, official_definition_id)
WHERE w.id = seed.word_id;
